fish;tench;рыбы;линь
fish;goldfish;рыбы;золотая рыбка
shark;great white shark;акула;большая белая акула
shark;tiger shark;акула;тигровая акула
shark;hammerhead;акула;молот
fish;electric ray;рыбы;электрический скат
fish;stingray;рыбы;скат
bird;cock;птица;петух
bird;hen;птица;курица
bird;ostrich;птица;страус
bird;brambling;птица;юрок
bird;goldfinch;птица;щегол
bird;house finch;птица;мексиканская чечевица
bird;junco;птица;юнко
bird;indigo bunting;птица;индиговый овсянковый кардинал
bird;robin;птица;зорянка
bird;bulbul;птица;настоящие бюльбюли
bird;jay;птица;сойка
bird;magpie;птица;Сороки
bird;chickadee;птица;синица
bird;water ouzel;птица;американская оляпка
bird;kite;птица;коршун
bird;bald eagle;птица;белоголовый орлан
bird;vulture;птица;гриф
bird;great grey owl;птица;неясыть
salamander;European fire salamander;Огненная саламандра
salamander;common newt;саламандра;тритон
salamander;eft;саламандра;оранжевая саламандра
salamander;spotted salamander;саламандра;пятнистая саламандра
salamander;axolotl;саламандра;аксолотль
frog;bullfrog;лягушка;лягушка
frog;tree frog;лягушка;древесная лягушка
frog;tailed frog;лягушка;хвостатая лягушка
turtle;loggerhead;черепаха;головастая черепаха
turtle;leatherback turtle;черепаха;черепаха
turtle;mud turtle;черепаха;черепаха
turtle;terrapin;черепаха;черепаха
turtle;box turtle;черепаха;черепаха
lizard;banded gecko;ящерица;ящерица
lizard;common iguana;ящерица;игуана
lizard;American chameleon;ящерица;Американский хамелеон
lizard;whiptail;ящерица;ящерица
lizard;agama;ящерица;агамовые
lizard;frilled lizard;ящерица;ящерица
lizard;alligator lizard;ящерица;ящерица
lizard;Gila monster;ящерица;ядозуб
lizard;green lizard;ящерица;зеленая ящерица
lizard;African chameleon;ящерица;Африканский хамелеон
lizard;Komodo dragon;ящерица;Комодский варан
crocodile;African crocodile;крокодил;Африканский крокодил
crocodile;American alligator;крокодил;Американский аллигатор
dinosaur;triceratops;динозавр;трицератопс
snake;thunder snake;змея;змея
snake;ringneck snake;змея;змея
snake;hognose snake;змея;змея
snake;green snake;змея;зеленая змея
snake;king snake;змея;королевская змея
snake;garter snake;змея;змея
snake;water snake;змея;водяная змея
snake;vine snake;змея;змея
snake;night snake;змея;Ночной Змей
snake;boa constrictor;змея;удав
snake;rock python;змея;питон
snake;Indian cobra;змея;Индийская кобра
snake;green mamba;змея;зеленая мамба
fish;sea snake;рыбы;морская змея
snake;horned viper;змея;гадюка
snake;diamondback;змея;капустная змея
snake;sidewinder;змея;змея
trilobite;trilobite;трилобит;трилобит
arachnid;harvestman;паукообразный;пауки сенокосцы
arachnid;scorpion;паукообразный;Скорпион
arachnid;black and gold garden spider;паукообразный;паук
arachnid;barn spider;паукообразный;паук
arachnid;garden spider;паукообразный;паук
arachnid;black widow;паукообразный;Черная вдова
arachnid;tarantula;паукообразный;тарантул
arachnid;wolf spider;паукообразный;паук волк 
bug;tick;жук;клещ
bug;centipede;жук;сороконожка
bird;black grouse;птица;тетерев
bird;ptarmigan;птица;куропатка
bird;ruffed grouse;птица;гривистый тетерев
bird;prairie chicken;птица;степной тетерев
bird;peacock;птица;павлин
bird;quail;птица;перепела
bird;partridge;птица;куропатка
bird;African grey;птица;Жако
bird;macaw;птица;Ара
bird;sulphur-crested cockatoo;птица;какаду
bird;lorikeet;птица;лорикеты
bird;coucal;птица;кукушка
bird;bee eater;птица;птица
bird;hornbill;птица;Хорнбилл
bird;hummingbird;птица;колибри
bird;jacamar;птица;якамаровые
bird;toucan;птица;Тукан
bird;drake;птица;Дрейк
bird;red-breasted merganser;птица;длинноносый крохаль
bird;goose;птица;гусь
bird;black swan;птица;Черный лебедь
ungulate;tusker;копытное животное;клык
monotreme;echidna;monotreme;ехидна
monotreme;platypus;monotreme;Утконос
marsupial;wallaby;сумчатые;валлаби
marsupial;koala;сумчатые;коала
marsupial;wombat;сумчатые;вомбат
fish;jellyfish;рыбы;медузы
coral;sea anemone;коралловый;морской анемон
coral;brain coral;коралловый;мозг коралл
bug;flatworm;жук;червь
bug;nematode;жук;нематоды
mollusk;conch;моллюск;Конч
mollusk;snail;моллюск;улитка
mollusk;slug;моллюск;слизень
mollusk;sea slug;моллюск;морской слизень
mollusk;chiton;моллюск;Хитон
mollusk;chambered nautilus;моллюск;Наутилус
crustacean;Dungeness crab;Ракообразные;краб
crustacean;rock crab;рачок;краб
crustacean;fiddler crab;Ракообразные;краб
crustacean;king crab;Ракообразные;краб
crustacean;American lobster;Ракообразные;Американский лобстер
crustacean;spiny lobster;Ракообразные;лангуст
crustacean;crayfish;Ракообразные;Рак
crustacean;hermit crab;Ракообразные;рак-отшельник
crustacean;isopod;рачок;изопода
bird;white stork;птица;Белый аист
bird;black stork;птица;черный аист
bird;spoonbill;птица;колпица
bird;flamingo;птица;фламинго
bird;little blue heron;птица;цапля
bird;American egret;птица;Американская цапля
bird;bittern;птица;выпь
vehicle;crane;автомобиль;кран
bird;limpkin;птица;Арама
bird;European gallinule;птица;Европейский султанка
bird;American coot;птица;Американская лысуха
bird;bustard;птица;Дрофа
bird;ruddy turnstone;птица;камнешарка
bird;red-backed sandpiper;птица;песочник
bird;redshank;птица;травник
bird;dowitcher;птица;птица
bird;oystercatcher;птица;кулик-сорока
bird;pelican;птица;Пеликан
bird;king penguin;птица;королевский пингвин
bird;albatross;птица;Альбатрос
marine mammals;grey whale;морские млекопитающие;серый кит
marine mammals;killer whale;морские млекопитающие;Касатка
marine mammals;dugong;морские млекопитающие;Дюгонь
marine mammals;sea lion;морские млекопитающие;морской лев
dog;Chihuahua;собака;Чихуахуа
dog;Japanese spaniel;собака;Японский спаниель
dog;Maltese dog;собака;Мальтезе собаки
dog;Pekinese;собака;Пекинес
dog;Shih-Tzu;собака;Ши-Тцу
dog;Blenheim spaniel;собака;Бленхейм спаниель
dog;papillon;собака;Папильон
dog;toy terrier;собака;той-терьер
dog;Rhodesian ridgeback;собака;Родезийский риджбек
dog;Afghan hound;собака;Афганская борзая
dog;basset;собака;бассет
dog;beagle;собака;бигль
dog;bloodhound;собака;ищейка
dog;bluetick;собака;гончая
dog;black-and-tan coonhound;гончая
dog;Walker hound;собака;Уокер хаунд
dog;English foxhound;собака;Английский фоксхаунд
dog;redbone;собака;гончая
dog;borzoi;собака;борзой
dog;Irish wolfhound;собака;Ирландский волкодав
dog;Italian greyhound;собака;Левретка
dog;whippet;собака;уиппет
dog;Ibizan hound;собака;гончая
dog;Norwegian elkhound;собака;Норвежский элкхаунд
dog;otterhound;собака;оттерхаунд
dog;Saluki;собака;Салюки
dog;Scottish deerhound;собака;Дирхаунд
dog;Weimaraner;собака;легавая
dog;Staffordshire bullterrier;собака;Стаффордширский бультерьер
dog;American Staffordshire terrier;собака;Американский стаффордширский терьер
dog;Bedlington terrier;собака;терьер
dog;Border terrier;собака;Бордер-терьер
dog;Kerry blue terrier;собака;терьер
dog;Irish terrier;собака;Ирландский терьер
dog;Norfolk terrier;собака;терьер
dog;Norwich terrier;собака;терьер
dog;Yorkshire terrier;собака;терьер
dog;wire-haired fox terrier;собака;фокстерьер
dog;Lakeland terrier;собака;терьер
dog;Sealyham terrier;собака;терьер
dog;Airedale;собака;Эрдельтерьер
dog;cairn;собака;Керн-терьер
dog;Australian terrier;собака;Австралийский терьер
dog;Dandie Dinmont;собака;терьер
dog;Boston bull;собака;Бостон-терьер
dog;miniature schnauzer;собака;миниатюрный шнауцер
dog;giant schnauzer;собака;ризеншнауцер
dog;standard schnauzer;собака;шнауцер
dog;Scotch terrier;собака;терьер
dog;Tibetan terrier;собака;Тибетский терьер
dog;silky terrier;собака;терьер
dog;soft-coated wheaten terrier;собака;ерьер
dog;West Highland white terrier;собака;Втерьер
dog;Lhasa;собака;Лхаса
dog;flat-coated retriever;собака;прямошерстный ретривер
dog;curly-coated retriever;собака;ретривер
dog;golden retriever;собака;золотистый ретривер
dog;Labrador retriever;собака;Лабрадор
dog;Chesapeake Bay retriever;собака;етривер
dog;German short-haired pointer;собака;Курцхаар
dog;vizsla;собака;Венгерская выжла
dog;English setter;собака;Английский сеттер
dog;Irish setter;собака;Ирландский сеттер
dog;Gordon setter;собака;Шотландский сеттер
dog;Brittany spaniel;собака;Бретонский эпаньоль
dog;clumber;собака;кламбер
dog;English springer;собака;Английский спрингер спаниель
dog;Welsh springer spaniel;собака;спаниель
dog;cocker spaniel;собака;кокер спаниель
dog;Sussex spaniel;собака;Суссекс-спаниель
dog;Irish water spaniel;собака;Ирландский водяной спаниель
dog;kuvasz;собака;кувас
dog;schipperke;собака;Схипперке
dog;groenendael;собака;грюнендаль
dog;malinois;собака;малинуа
dog;briard;собака;бриар
dog;kelpie;собака;келпи
dog;komondor;собака;комондор
dog;Old English sheepdog;собака;Бобтейл
dog;Shetland sheepdog;собака;Шелти
dog;collie;собака;колли
dog;Border collie;собака;Бордер-колли
dog;Bouvier des Flandres;собака;Фландрский бувье
dog;Rottweiler;собака;Ротвейлер
dog;German shepherd;собака;Немецкая овчарка
dog;Doberman;собака;Доберман
dog;miniature pinscher;собака;миниатюрный пинчер
dog;Greater Swiss Mountain dog;собака;Большого швейцарский зенненхунд
dog;Bernese mountain dog;собака;Бернский зенненхунд
dog;Appenzeller;собака;Аппенцеллер зенненхунд
dog;EntleBucher;собака;Энтлебухер зенненхунд
dog;boxer;собака;боксер
dog;bull mastiff;собака;бульмастиф
dog;Tibetan mastiff;собака;Тибетский мастиф
dog;French bulldog;собака;Французский бульдог
dog;Great Dane;собака;Немецкий дог
dog;Saint Bernard;собака;Сенбернар
dog;Eskimo dog;собака;Эскимосская собака 
dog;malamute;собака;маламут
dog;Siberian husky;собака;Сибирский хаски
dog;dalmatian;собака;далматин
dog;affenpinscher;собака;Аффенпинчер
dog;basenji;собака;басенджи
dog;pug;собака;мопс
dog;Leonberg;собака;Леонберг
dog;Newfoundland;собака;Ньюфаундленд
dog;Great Pyrenees;собака;Пиренейская горная собака
dog;Samoyed;собака;Самоед
dog;Pomeranian;собака;Померанский шпиц
dog;chow;собака;чау-чау
dog;keeshond;собака;кеесхонд
dog;Brabancon griffon;собака;гладкошёрстный гриффон
dog;Pembroke;собака;корги
dog;Cardigan;собака;корги
dog;toy poodle;собака;игрушка пудель
dog;miniature poodle;собака;миниатюрный пудель
dog;standard poodle;собака;пудель
dog;Mexican hairless;собака;Ксолоитцкуинтли
wild dog;timber wolf;дикая собака;волк
wild dog;white wolf;дикая собака;Белый Волк
wild dog;red wolf;дикая собака;рыжий волк
wild dog;coyote;дикая собака;койот
wild dog;dingo;дикая собака;динго
wild dog;dhole;дикая собака;красный волк
dog;African hunting dog;собака;Африканская охотничья собака
wild dog;hyena;дикая собака;гиена
wild dog;red fox;дикая собака;красная лиса
wild dog;kit fox;дикая собака;лисица
wild dog;Arctic fox;дикая собака;Песец
wild dog;grey fox;дикая собака;серый лис
cat;tabby;кошка;полосатый кот
wild cat;tiger cat;дикая кошка;тигр кошка
cat;Persian cat;кошка;Персидская кошка
cat;Siamese cat;кошка;Сиамская кошка
cat;Egyptian cat;кошка;Египетская кошка
wild cat;cougar;дикая кошка;пума
wild cat;lynx;дикая кошка;рысь
wild cat;leopard;дикая кошка;леопард
wild cat;snow leopard;дикая кошка;снежный барс
wild cat;jaguar;дикая кошка;Ягуар
wild cat;lion;дикая кошка;Лев
wild cat;tiger;дикая кошка;тигр
wild cat;cheetah;дикая кошка;гепард
bear;brown bear;медведь;бурый медведь
bear;American black bear;медведь;чёрный медведь
bear;ice bear;медведь;льда медведь
sloth;sloth bear;ленивец;губач
mongoose;mongoose;Мангуст;Мангуст
mongoose;meerkat;Мангуст;сурикат
bug;tiger beetle;насекомое;Жук тигр
bug;ladybug;насекомое;божья коровка
bug;ground beetle;насекомое;жужелицы
bug;long-horned beetle;насекомое;Жук-дровосек
bug;leaf beetle;насекомое;листоед
bug;dung beetle;насекомое;навозный жук
bug;rhinoceros beetle;насекомое;жук-носорог
bug;weevil;насекомое;долгоносик
bug;fly;насекомое;муха
bug;bee;насекомое;пчела
bug;ant;насекомое;муравей
bug;grasshopper;насекомое;кузнечик
bug;cricket;насекомое;сверчок
bug;walking stick;насекомое;трость
bug;cockroach;насекомое;таракан
bug;mantis;насекомое;богомол
bug;cicada;насекомое;цикада
bug;leafhopper;насекомое;цикадки
bug;lacewing;насекомое;златоглазки
bug;dragonfly;насекомое;стрекоза
bug;damselfly;насекомое;стрекоза
butterfly;admiral;бабочка;бабочка
butterfly;ringlet;бабочка;бабочка
butterfly;monarch;бабочка;бабочка
butterfly;cabbage butterfly;бабочка;бабочка-капустница
butterfly;sulphur butterfly;бабочка;бабочка
butterfly;lycaenid;бабочка;Голубянки
echinoderms;starfish;иглокожие;Морская звезда
echinoderms;sea urchin;иглокожие;морской еж
echinoderms;sea cucumber;иглокожие;морской огурец
rabbit;wood rabbit;кролик;деревянный кролик
rabbit;hare;кролик;заяц
rabbit;Angora;кролик;Ангорский кролик
rodent;hamster;грызун;хомячок
rodent;porcupine;грызун;дикобраз
rodent;fox squirrel;грызун;чёрная белка
rodent;marmot;грызун;сурок
rodent;beaver;грызун;бобр
rodent;guinea pig;грызун;морская свинка
plant;sorrel;завод;щавель
ungulate;zebra;копытное животное;зебра
hog;hog;кабанчик;кабанчик
hog;wild boar;кабанчик;кабан
hog;warthog;кабанчик;бородавочник
ungulate;hippopotamus;копытное животное;гиппопотам
ungulate;ox;копытное животное;бык
ungulate;water buffalo;копытное животное;буйвол
ungulate;bison;копытное животное;Зубр
ungulate;ram;копытное животное;баран
ungulate;bighorn;копытное животное;Толсторог
ungulate;ibex;копытное животное;Козерог
ungulate;hartebeest;копытное животное;Бубал
ungulate;impala;копытное животное;Импала
ungulate;gazelle;копытное животное;Газель
ungulate;Arabian camel;копытное животное;одногорбый верблюд
ungulate;llama;копытное животное;ламы
ferret;weasel;хорек;ласка
ferret;mink;хорек;норка
ferret;polecat;хорек;хорек
ferret;black-footed ferret;хорек;американский хорёк
ferret;otter;хорек;выдра
ferret;skunk;хорек;скунс
ferret;badger;хорек;Барсук
armadillo;armadillo;броненосец;броненосец
sloth;three-toed sloth;ленивец;ленивец
primate;orangutan;примат;орангутанг
primate;gorilla;примат;горилла
primate;chimpanzee;примат;шимпанзе
primate;gibbon;примат;гиббон
primate;siamang;примат;обезьяна
primate;guenon;примат;обезьяна
primate;patas;примат;обезьяна
primate;baboon;примат;бабуин
primate;macaque;примат;макаки
primate;langur;примат;обезьяна
primate;colobus;примат;обезьяна
primate;proboscis monkey;примат;обезьяна
primate;marmoset;примат;мартышка
primate;capuchin;примат;Капуцин
primate;howler monkey;примат;обезьяна
primate;titi;примат;обезьяна
primate;spider monkey;примат;обезьяна
primate;squirrel monkey;примат;обезьяна
mongoose;Madagascar cat;Мангуст;Мангуст
primate;indri;примат;индри
ungulate;Indian elephant;копытное животное;Индийский слон
ungulate;African elephant;копытное животное;Африканский слон
bear;lesser panda;медведь;малая панда
bear;giant panda;медведь;Большая панда
fish;barracouta;рыбы;рыбы
fish;eel;рыбы;угорь
shark;coho;Акула;акула
coral;rock beauty;коралл;рыбы
fish;anemone fish;рыбы;рыбы
fish;sturgeon;рыбы;осетрина
fish;gar;рыбы;рыбы
fish;lionfish;рыбы;крылатки
fish;puffer;рыбы;иглобрюх
technology;abacus;технология;счеты
clothing;abaya;одежда;Абая
clothing;academic gown;одежда;академический платье
instrument;accordion;инструмент;гармонь
instrument;acoustic guitar;инструмент;акустическая гитара
boat;aircraft carrier;лодка;авианосец 
aircraft;airliner;самолет;авиалайнер
aircraft;airship;самолет;дирижабль
furniture;altar;мебель;алтарь
vehicle;ambulance;автомобиль;скорая помощь
vehicle;amphibian;автомобиль;амфибия
decor;analog clock;декор;аналоговые часы
apiary;apiary;пасека;пасека
clothing;apron;одежда;фартук
furniture;ashcan;мебель;урна
weapon;assault rifle;оружие;штурмовая винтовка
accessory;backpack;аксессуар;рюкзак
building;bakery;здание;хлебопекарни
sports equipment;balance beam;спортивное оборудование;гимнастическое бревно
toy;balloon;игрушка;воздушный шар
tool;ballpoint;инструмент;шариковая ручка
Band Aid;Band Aid;Лейкопластырь;Лейкопластырь
instrument;banjo;инструмент;банджо
furniture;bannister;мебель;перила
sports equipment;barbell;спортивное оборудование;штанга
furniture;barber chair;мебель;стул парикмахерска
building;barbershop;здание;парикмахерская
building;barn;дом;сарай
technology;barometer;технология;барометр
container;barrel;контейнер;бочка
tool;barrow;инструмент;тачка
ball;baseball;мяч;бейсбол
ball;basketball;мяч;баскетбол
furniture;bassinet;мебель;люлька
instrument;bassoon;инструмент;Фагот
hat;bathing cap;шляпа;шапочка для купания
decor;bath towel;декор;полотенце ванны 
furniture;bathtub;мебель;ванна
vehicle;beach wagon;автомобиль;пляжный вагон
building;beacon;здание;Маяк
lab equipment;beaker;лабораторное оборудование;мензурка
hat;bearskin;шляпа;медвежатник
food;beer bottle;еда;бутылка пива
food;beer glass;еда;пивной бокал
building;bell cote;дом;колокольчик кот
clothing;bib;одежда;нагрудник
vehicle;bicycle;автомобиль;велосипед
clothing;bikini;одежда;бикини
paper;binder;бумага;Биндер
tool;binoculars;инструмент;бинокль
birdhouse;birdhouse;скворечник;скворечник
building;boathouse;дом;навес для лодок
vehicle;bobsled;транспорт;Бобслей
accessory;bolo tie;аксессуар;Боло галстук
hat;bonnet;шляпа;капот
furniture;bookcase;мебель;этажерка
building;bookshop;дом;книжный магазин
bottlecap;bottlecap;колпачок;колпачок
weapon;bow;оружие;лук
accessory;bow tie;аксессуар;галстук-бабочка
decor;brass;декор;латунь
clothing;brassiere;одежда;бюстгалтер
breakwater;breakwater;волнорез;волнорез
clothing;breastplate;одежда;нагрудник
tool;broom;инструмент;метла
tool;bucket;инструмент;ведро
accessory;buckle;аксессуар;пряжка
clothing;bulletproof vest;одежда;бронежилет
train;bullet train;поезд;скоростной поезд
building;butcher shop;дом;мясной магазин
vehicle;cab;автомобиль;такси
cooking;caldron;приготовление;котел
tool;candle;инструмент;свеча
weapon;cannon;оружие;пушка
boat;canoe;лодка;каноэ
tool;can opener;инструмент;открывашка
clothing;cardigan;одежда;кардиган
technology;car mirror;технология;зеркало автомобиля 
building;carousel;дом;карусель
tool;carpenter's kit;инструмент;набор плотника 
container;carton;контейнер;коробка
technology;car wheel;технология;колеса автомобиля
technology;cash machine;технология;банкомат
technology;cassette;технология;кассета
electronics;cassette player;электроника;кассетный плеер
building;castle;дом;замок
boat;catamaran;лодка;катамаран
electronics;CD player;электроника;CD-плеер
instrument;cello;инструмент;виолончель
electronics;cellular telephone;электроника;сотовый телефон
tool;chain;инструмент;цепи
fence;chainlink fence;забор;забор из колючей проволоки 
clothing;chain mail;одежда;кольчуги
tool;chain saw;инструмент;цепная пила
container;chest;контейнер;грудь
furniture;chiffonier;мебель;шифоньер
instrument;chime;инструмент;перезвон
furniture;china cabinet;мебель;Китайский шкаф
decor;Christmas stocking;декор;Рождественский чулок
building;church;дом;храм
building;cinema;дом;кино
cooking;cleaver;приготовление;тесак
building;cliff dwelling;дом;Скальные жилища
clothing;cloak;одежда;плащ
clothing;clog;одежда;забивают
cooking;cocktail shaker;приготовление;шейкер
cooking;coffee mug;приготовление;кружка кофе
cooking;coffeepot;приготовление;кофейник
technology;coil;технология;катушка
technology;combination lock;технология;кодовый замок
electronics;computer keyboard;электроника;клавиатура
building;confectionery;дом;кондитерских изделий
boat;container ship;лодка;контейнеровоз
vehicle;convertible;автомобиль;кабриолет
cooking;corkscrew;приготовление;штопор
instrument;cornet;инструмент;Корнет
clothing;cowboy boot;одежда;ковбойские сапоги
clothing;cowboy hat;одежда;ковбойская шляпа
furniture;cradle;мебель;колыбель
vehicle;crane;автомобиль;кран
hat;crash helmet;шляпа;защитный шлем
container;crate;контейнер;обрешетка
furniture;crib;мебель;шпаргалка
cooking;Crock Pot;приготовление;Кастрюля
ball;croquet ball;мяч;мяч для крокета 
tool;crutch;инструмент;костыль
clothing;cuirass;одежда;кираса
dam;dam;плотины;плотины
furniture;desk;мебель;рабочий стол
electronics;desktop computer;электроника;настольный компьютер
electronics;dial telephone;электроника;телефон
clothing;diaper;одежда;памперс
electronics;digital clock;электроника;цифровые часы
electronics;digital watch;электроника;наручные часы
furniture;dining table;мебель;обеденный стол
decor;dishrag;декор;амеба
electronics;dishwasher;электроника;посудомоечная машина
technology;disk brake;технологии;тормозной диск
dock;dock;пристань;пристань
vehicle;dogsled;транспорт;собачья упряжка
building;dome;здание;купол
decor;doormat;декор;половик
drilling platform;;drilling platform;буровая платформа;буровая платформа
instrument;drum;инструмент;барабан
instrument;drumstick;инструмент;голень
tool;dumbbell;инструмент;гантели
cooking;Dutch oven;приготовление;Жаровня
electronics;electric fan;электроника;электрический вентилятор
instrument;electric guitar;инструмент;электрическая гитара
train;electric locomotive;поезд;электровоз
furniture;entertainment center;мебель;развлекательный центр
paper;envelope;бумага;конверт
cooking;espresso maker;приготовление;кофеварка эспрессо
other;face powder;другие;пудра
accessory;feather boa;аксессуар;боа
furniture;file;мебель;файл
boat;fireboat;лодка;пожарный гидрант
vehicle;fire engine;автомобиль;пожарная машина
furniture;fire screen;мебель;искусственный камин
flagpole;flagpole;флагшток;флагшток
instrument;flute;инструмент;флейта
furniture;folding chair;мебель;складной стул
sports equipment;football helmet;спортивное оборудование;футбольный шлем
vehicle;forklift;автомобиль;грузоподъемник
fountain;fountain;фонтан;фонтан
tool;fountain pen;инструмент;Перьевая ручка
furniture;four-poster;мебель;кровати с балдахином
train;freight car;поезд;грузовых автомобилей
instrument;French horn;инструмент;Валторна
cooking;frying pan;приготовление;сковорода
clothing;fur coat;одежда;шуба
vehicle;garbage truck;автомобиль;мусоровоз 
accessory;gasmask;аксессуар;противогаз
technology;gas pump;технология;газовый насос
cooking;goblet;приготовление;Кубок
vehicle;go-kart;автомобиль;картинг
ball;golf ball;мяч;мяч для гольфа
vehicle;golfcart;автомобиль;гольфкар
boat;gondola;лодка;гондолы
instrument;gong;инструмент;гонг
clothing;gown;одежда;платье
instrument;grand piano;инструмент;рояль
building;greenhouse;дом;овощеводство
vehicle;grille;автомобиль;решетка
building;grocery store;здание;продуктовый магазин
weapon;guillotine;оружие;гильотина
accessory;hair slide;аксессуар;заколка
hair spray;hair spray;лак для волос;лак для волос
vehicle;half track;автомобиль;полугусеничная машина
tool;hammer;инструмент;молоток
decor;hamper;декор;корзина
electronics;hand blower;электроника;ручная воздуходувка
electronics;hand-held computer;электроника;карманный компьютер
accessory;handkerchief;аксессуар;платочек
electronics;hard disc;электроника;жесткий диск
instrument;harmonica;инструмент;гармошка
instrument;harp;инструмент;арфа
vehicle;harvester;автомобиль;уборочная машина
tool;hatchet;инструмент;топорик
weapon;holster;оружие;кобура
building;home theater;дом;домашний кинотеатр
honeycomb;honeycomb;соты;соты
tool;hook;инструмент;крюк
clothing;hoopskirt;одежда;hoopskirt
sports equipment;horizontal bar;спортивное оборудование;турник
vehicle;horse cart;автомобиль;телега с лошадью 
technology;hourglass;технологии;песочные часы
electronics;iPod;электроника;iPod
tool;iron;инструмент;утюг
fruit;jack-o'-lantern;фрукты;Фонарь из тыквы
clothing;jean;одежда;джинсы
vehicle;jeep;автомобиль;джип
clothing;jersey;одежда;свитер
paper;jigsaw puzzle;бумага;головоломки
vehicle;jinrikisha;транспорт;рикша
electronics;joystick;электроника;джойстик
clothing;kimono;одежда;кимоно
clothing;knee pad;одежда;наколенник 
other;knot;другие;узел
clothing;lab coat;одежда;лабараторный халат
cooking;ladle;приготовление;половник
decor;lampshade;декор;абажур
electronics;laptop;электроника;ноутбук
vehicle;lawn mower;автомобиль;косилка 
technology;lens cap;технология;крышка объектива
tool;letter opener;инструмент;письмо открывалка
building;library;дом;библиотека
boat;lifeboat;лодка;спасательная шлюпка
tool;lighter;инструмент;зажигалка
vehicle;limousine;автомобиль;лимузин
boat;liner;лодка;вкладыш
accessory;lipstick;аксессуар;помада
clothing;Loafer;одежда;Мокасины
other;lotion;другие;лосьон
electronics;loudspeaker;электроника;громкоговоритель
tool;loupe;инструмент;лупа
lumbermill;lumbermill;здание;лесопилка
tool;magnetic compass;инструмент;магнитный компас
accessory;mailbag;аксессуар;почта
furniture;mailbox;мебель;почтовый ящик
clothing;maillot;одежда;трико
clothing;maillot, tank suit;одежда;рубашка
manhole cover;manhole cover;крышка люка;крышка люка
instrument;maraca;инструмент;погремушка
instrument;marimba;инструмент;маримба
clothing;mask;одежда;маска
tool;matchstick;инструмент;спичка
maypole;maypole;верзила;верзила
maze;maze;лабиринт;лабиринт
cooking;measuring cup;приготовление;мерный стакан
container;medicine chest;контейнер;аптечка
megalith;megalith;мегалит;мегалит
electronics;microphone;электроника;микрофон
electronics;microwave;электроника;микроволновая печь
clothing;military uniform;одежда;военная форма
container;milk can;контейнер;банка молока
vehicle;minibus;автомобиль;микроавтобус
clothing;miniskirt;одежда;мини-юбка
vehicle;minivan;автомобиль;минивен
weapon;missile;оружие;ракета
clothing;mitten;одежда;варежки
cooking;mixing bowl;приготовление;миска
building;mobile home;дом;мобильный дом
vehicle;Model T;автомобиль;Форд Модель Т
electronics;modem;электроника;модем
building;monastery;здание;монастырь
electronics;monitor;электроника;монитор
vehicle;moped;машина;мопед
cooking;mortar;приготовление;Ступка
hat;mortarboard;шляпа;мастерок
building;mosque;дом;мечеть
other;mosquito net;другие;москитная сетка
vehicle;motor scooter;автомобиль;мотороллер
vehicle;mountain bike;автомобиль;горный велосипед
building;mountain tent;дом;горная палатка
rodent;mouse;грызун;мышь
technology;mousetrap;технология;мышеловка
vehicle;moving van;автомобиль;фургон
other;muzzle;другие;мордочка
tool;nail;инструмент;лак для ногтей
accessory;neck brace;аксессуар;шейный бандаж
accessory;necklace;аксессуар;ожерелье
nippl;nipple;ниппель;ниппель
paper;notebook;бумага;ноутбук
building;obelisk;дом;обелиск
instrument;oboe;инструмент;гобой
instrument;ocarina;инструмент;окарина
electronics;odometer;электроника;одометр
technology;oil filter;технология;масляный фильтр
instrument;organ;инструмент;орган
electronics;oscilloscope;электроника;осциллограф
clothing;overskirt;одежда;остроугольный
vehicle;oxcart;автомобиль;повозка
clothing;oxygen mask;одежда;кислородная маска 
container;packet;контейнер;пакет
sports equipment;paddle;спортивное оборудование;весло
boat;paddlewheel;лодка;лопасти
technology;padlock;технологии;замок
tool;paintbrush;инструмент;кисть
clothing;pajama;одежда;пижамные
building;palace;здание;дворец
instrument;panpipe;инструмент;свирель
paper;paper towel;бумага;бумажное полотенце
aircraft;parachute;самолет;парашют
sports equipment;parallel bars;спортивное оборудование;параллельные брусья
furniture;park bench;мебель;скамейке в парке
electronics;parking meter;электроника;счетчик на стоянке
vehicle;passenger car;автомобиль;легковой автомобиль
building;patio;дом;внутренний дворик
electronics;pay-phone;электроника;платные телефон
furniture;pedestal;мебель;пьедестал
other;pencil box;другие;пенал
tool;pencil sharpener;инструмент;точилка для карандашей
other;perfume;другие;духи
lab equipment;Petri dish;лабораторное оборудование;чашка Петри
electronics;photocopier;электроника;ксерокс
instrument;pick;инструмент;кирка
hat;pickelhaube;шляпа;пикельхельм
fence;picket fence;забор;забор
vehicle;pickup;автомобиль;пикап
pier;pier;пирс;ирс
decor;piggy bank;декор;копилка
container;pill bottle;контейнер;пузырек
decor;pillow;декор;подушка
ball;ping-pong ball;мяч;мяч для пин-понга
toy;pinwheel;игрушка;вертушка
person;pirate;человек;пират
cooking;pitcher;приготовление;кувшин
tool;plane;инструмент;уровень
building;planetarium;дом;планетарий
container;plastic bag;контейнер;пластиковый контейнер
decor;plate rack;декор;сушилка для тарелок
vehicle;plow;автомобиль;плуг
tool;plunger;инструмент;плунжер
electronics;Polaroid camera;электроника;камера Поларойд
sports equipment;pole;спортивное оборудование;шест
vehicle;police van;автомобиль;полицейский фургон
clothing;poncho;одежда;пончо
furniture;pool table;мебель;бильярдный стол 
food;pop bottle;еда;бутылка
cooking;pot;приготовление;горшок
tool;potter's wheel;инструмент;гончарный круг 
electronics;power drill;электроника;дрель 
decor;prayer rug;декор;молитвенный коврик
electronics;printer;электроника;принтер
building;prison;дом;тюрьма
weapon;projectile;оружие;снаряд
electronics;projector;электроника;проектор
sports equipment;puck;спортивное оборудование;шайба
sports equipment;punching bag;спортивное оборудование;боксерская груша
accessory;purse;аксессуар;портмоне
tool;quill;инструмент;полый вал
decor;quilt;декор;одеяло
vehicle;racer;автомобиль;гонщик
sports equipment;racket;спортивное оборудование;ракетки
electronics;radiator;электроника;радиатор
electronics;radio;электроника;радио
technology;radio telescope;технология;радиотелескоп
container;rain barrel;контейнер;дождевая бочка
vehicle;recreational vehicle;автомобиль;дом на колёсах
technology;reel;технология;катушка
electronics;reflex camera;электроника;зеркальный фотоаппарат
furniture;refrigerator;мебель;холодильник
electronics;remote control;электроника;пульт дистанционного управления
building;restaurant;дом;ресторан
weapon;revolver;оружие;Наган
weapon;rifle;оружие;винтовка
furniture;rocking chair;мебель;кресло-качалка
cooking;rotisserie;приготовление;вертел
tool;rubber eraser;инструмент;ластик
ball;rugby ball;мяч;мяч для рэгби
tool;rule;инструмент;правило
clothing;running shoe;одежда;кроссовки
container;safe;контейнер;безопасный
tool;safety pin;инструмент;булавка 
food;saltshaker;еда;солонка
clothing;sandal;одежда;сандал
clothing;sarong;одежда;саронг
instrument;sax;инструмент;саксофон
weapon;scabbard;оружие;ножны
electronics;scale;электроника;масштаб
vehicle;school bus;автомобиль;школьный автобус
boat;schooner;лодка;шхуна
sports equipment;scoreboard;спортивное оборудование;табло
decor;screen;декор;экран
tool;screw;инструмент;винт
tool;screwdriver;инструмент;отвертка
technology;seat belt;технология;ремень безопасности 
technology;sewing machine;технология;швейная машина
tool;shield;инструмент;щит
building;shoe shop;дом;магазин обуви 
furniture;shoji;мебель;Седзи
container;shopping basket;контейнер;корзина для покупок
container;shopping cart;контейнер;корзина
tool;shovel;инструмент;лопата
hat;shower cap;шляпа;шапочка для душа
decor;shower curtain;декор;душ занавес
sports equipment;ski;спортивное оборудование;лыжи
clothing;ski mask;одежда;лыжная маска
accessory;sleeping bag;аксессуар;спальный мешок
technology;slide rule;технологии;логарифмическая линейка
furniture;sliding door;мебель;раздвижные двери
electronics;slot;электроника;слот
sports equipment;snorkel;спортивное оборудование;дыхательная трубка
vehicle;snowmobile;автомобиль;снегоход
vehicle;snowplow;автомобиль;Снегоочиститель
decor;soap dispenser;декор;мыла
ball;soccer ball;мяч;футбольный мяч
clothing;sock;одежда;носок
technology;solar dish;технология;солнечное блюдо
hat;sombrero;шляпа;сомбреро
cooking;soup bowl;приготовление;таредка супа
electronics;space bar;электроника;пробел
electronics;space heater;электроника;обогреватель
aircraft;space shuttle;самолет;космический челнок
cooking;spatula;приготовление;шпатель
boat;speedboat;лодка;катер
spider web;spider web;паутина;паутина
technology;spindle;технология;шпиндель
vehicle;sports car;автомобиль;спортивный автомобиль
electronics;spotlight;электроника;прожектор
furniture;stage;мебель;сцена
train;steam locomotive;поезд;паровоз
arch bridge;arch bridge;арочный мост;арочный мост
instrument;steel drum;инструмент;стальной барабан
tool;stethoscope;инструмент;стетоскоп
accessory;stole;аксессуар;палантин
stone wall;stone wall;каменная стена;каменная стена
electronics;stopwatch;электроника;секундомер
furniture;stove;мебель;плита
cooking;strainer;приготовление;сито
vehicle;streetcar;автомобиль;трамвай
furniture;stretcher;мебель;носилки
furniture;studio couch;мебель;диван
building;stupa;дом;ступа
boat;submarine;лодка;подводная лодка
clothing;suit;одежда;костюм
sundial;sundial;солнечные часы;солнечные часы
tool;sunglass;инструмент;очки
clothing;sunglasses;одежда;солнцезащитные очки
sunscreen;sunscreen;солнцезащитный крем;солнцезащитный крем
suspension bridge;suspension bridge;подвесной мост;подвесной мост
tool;swab;инструмент;тампон
clothing;sweatshirt;одежда;толстовка
clothing;swimming trunks;одежда;плавки
toy;swing;игрушка;качели
electronics;switch;электроника;переключатель
tool;syringe;инструмент;шприц
decor;table lamp;декор;настольная лампа
vehicle;tank;транспорт;танк
electronics;tape player;электроника;магнитофон
cooking;teapot;приготовление;чайничек
toy;teddy;игрушка;плюшевый мишка
electronics;television;электроника;телевизор
ball;tennis ball;мяч;теннисный мяч
building;thatch;дом;Соломенная крыша
decor;theater curtain;декор;театральный занавес
tool;thimble;инструмент;наперсток
vehicle;thresher;машина;молотильщик
furniture;throne;мебель;трон
building;tile roof;дом;крыша
electronics;toaster;электроника;тостер
building;tobacco shop;дом;табачный магазин
furniture;toilet seat;мебель;сиденье для унитаза
tool;torch;инструмент;факел
totem pole;totem pole;тотем;тотем
vehicle;tow truck;автомобиль;эвакуатор
building;toyshop;дом;магазин игрушек
vehicle;tractor;автомобиль;трактор
vehicle;trailer truck;автомобиль;грузовик с прицепом
decor;tray;декор;поднос
clothing;trench coat;одежда;пальто
vehicle;tricycle;транспорт;трицикл
boat;trimaran;лодка;тримаран
technology;tripod;технологии;штатив
triumphal arch;triumphal arch;Триумфальная арка;Триумфальная арка
vehicle;trolleybus;автомобиль;троллейбус
instrument;trombone;инструмент;тромбон
furniture;tub;мебель;ванна
technology;turnstile;технология;турникет
electronics;typewriter keyboard;электроника;клавиатура пишущей машинки 
accessory;umbrella;аксессуар;зонтик
vehicle;unicycle;автомобиль;моноцикл
instrument;upright;инструмент;контрабас
electronics;vacuum;электроника;вакуум
decor;vase;декор;ваза
container;vault;контейнер;хранилище
other;velvet;другие;бархат
technology;vending machine;технология;торговый автомат
clothing;vestment;одежда;облачение
viaduct;viaduct;виадук;виадук
instrument;violin;инструмент;скрипка
ball;volleyball;мяч;волейбол
electronics;waffle iron;электроника;вафельница
technology;wall clock;технология;настенные часы
accessory;wallet;аксессуар;кошелек
furniture;wardrobe;мебель;шкаф
aircraft;warplane;самолет;самолет
container;washbasin;контейнер;умывальник
electronics;washer;электроника;стиральная машины
container;water bottle;контейнер;бутылка воды
container;water jug;контейнер;кувшин для воды
water tower;water tower;водонапорная башня;водонапорная башня
container;whiskey jug;контейнер;кувшин виски
tool;whistle;инструмент;свисток
clothing;wig;одежда;парик
decor;window screen;декор;остекление
decor;window shade;декор;шторка
accessory;Windsor tie;аксессуар;Виндзорский узел
food;wine bottle;еда;бутылки вина
other;wing;другие;крыло
cooking;wok;приготовление;вок
cooking;wooden spoon;приготовление;деревянная ложка
other;wool;другие;шерсть
fence;worm fence;забор;изгородь
boat;wreck;лодка;затонувший корабль
boat;yawl;лодка;йол
building;yurt;дом;юрта
technology;web site;технология;веб-сайт
paper;comic book;бумага;комикс 
paper;crossword puzzle;бумага;кроссворд
street sign;street sign;дорожный знак;дорожный знак
electronics;traffic light;электроника;светофор
paper;book jacket;бумага;суперобложка
paper;menu;бумага;меню
cooking;plate;приготовление;кухонная плита
food;guacamole;еда;гуакамоле
food;consomme;еда;консоме
cooking;hot pot;приготовление;тушеное мясо с овощами
food;trifle;еда;трайфл
food;ice cream;еда;мороженое
food;ice lolly;еда;мороженное на палочке
food;French loaf;еда;Французская булка
food;bagel;еда;бублик
food;pretzel;еда;крендель
food;cheeseburger;еда;чизбургер
food;hotdog;еда;хотдог
food;mashed potato;еда;картофельное пюре
vegetable;head cabbage;овощи;капуста
vegetable;broccoli;овощи;брокколи
vegetable;cauliflower;овощи;цветная капуста
fruit;zucchini;фрукты;цукини
fruit;spaghetti squash;фрукты;тыква
fruit;acorn squash;фрукты;тыква
vegetable;butternut squash;овощ;тыква
vegetable;cucumber;овощ;огурец
vegetable;artichoke;овощ;артишок
vegetable;bell pepper;овощ;перец
flower;cardoon;цветок;артишок испанский
fungus;mushroom;грибок;гриб
fruit;Granny Smith;фрукты;яблоко
fruit;strawberry;фрукты;клубника
fruit;orange;фрукты;апельсин
fruit;lemon;фрукты;лимон
fruit;fig;фрукты;рис
fruit;pineapple;фрукты;ананас
fruit;banana;фрукты;банан
fruit;jackfruit;фрукты;джекфрут
fruit;custard apple;фрукты;кремовое яблоко
fruit;pomegranate;фрукты;гранат
other;hay;другие;сено
food;carbonara;еда;карбонара
food;chocolate sauce;еда;шоколадный соус
food;dough;еда;тесто
food;meat loaf;еда;мясной рулет
food;pizza;еда;пицца
food;potpie;еда;пирог
food;burrito;еда;буррито
food;red wine;еда;красное вино
food;espresso;еда;эспрессо
cooking;cup;приготовление;кружка
food;eggnog;еда;гоголь-моголь
alp;alp;гора;гора
other;bubble;другое;пузырь
cliff;cliff;скалы;скалы
coral;coral reef;коралл;коралловый риф
geyser;geyser;гейзер;гейзер
lakeside;lakeside;берег озера;берег озера
promontory;promontory;мыс;мыс
sandbar;sandbar;отмель;отмель
seashore;seashore;море;моря
valley;valley;долина;долина
volcano;volcano;вулкан;вулкан
person;ballplayer;человек;бейсболист
person;groom;человек;жених
person;scuba diver;человек;аквалангист
flower;rapeseed;цветок;рапса
flower;daisy;цветок;Дейзи
flower;yellow lady's slipper;цветок;венерин башмачок желтый 
food;corn;еда;кукуруза
plant;acorn;завод;желудь
flower;hip;цветок;бедра
plant;buckeye;завод;Бакай
coral;coral fungus;коралловый;коралловый гриб
fungus;agaric;грибок;мухомор
fungus;gyromitra;грибок;строчок
fungus;stinkhorn;грибок;stinkhorn
fungus;earthstar;грибок;earthstar
fungus;hen-of-the-woods;грибок;курица-оф-Вудс
fungus;bolete;грибок;гриб
food;ear;еда;початок
other;toilet tissue;другие;туалет ткани
